,Area,Item Code,Item,Value
4,Afghanistan,21057,Average dietary energy requirement (kcal/cap/day),2164.0
7,Albania,22013,"Gross domestic product per capita, PPP, (constant 2017 international $)",14520.1
12,Albania,21057,Average dietary energy requirement (kcal/cap/day),2483.0
15,Algeria,22013,"Gross domestic product per capita, PPP, (constant 2017 international $)",10957.2
20,Algeria,21057,Average dietary energy requirement (kcal/cap/day),2281.0
27,American Samoa,21057,Average dietary energy requirement (kcal/cap/day),
34,Andorra,21057,Average dietary energy requirement (kcal/cap/day),
37,Angola,22013,"Gross domestic product per capita, PPP, (constant 2017 international $)",5990.4
42,Angola,21057,Average dietary energy requirement (kcal/cap/day),2121.0
45,Antigua and Barbuda,22013,"Gross domestic product per capita, PPP, (constant 2017 international $)",18057.3
50,Antigua and Barbuda,21057,Average dietary energy requirement (kcal/cap/day),2449.0
53,Argentina,22013,"Gross domestic product per capita, PPP, (constant 2017 international $)",21506.9
58,Argentina,21057,Average dietary energy requirement (kcal/cap/day),2417.0
61,Armenia,22013,"Gross domestic product per capita, PPP, (constant 2017 international $)",13317.2
66,Armenia,21057,Average dietary energy requirement (kcal/cap/day),2428.0
69,Australia,22013,"Gross domestic product per capita, PPP, (constant 2017 international $)",49308.5
74,Australia,21057,Average dietary energy requirement (kcal/cap/day),2479.0
77,Austria,22013,"Gross domestic product per capita, PPP, (constant 2017 international $)",53944.5
82,Austria,21057,Average dietary energy requirement (kcal/cap/day),2530.0
85,Azerbaijan,22013,"Gross domestic product per capita, PPP, (constant 2017 international $)",14421.0
90,Azerbaijan,21057,Average dietary energy requirement (kcal/cap/day),2410.0
93,Bahamas,22013,"Gross domestic product per capita, PPP, (constant 2017 international $)",31046.8
98,Bahamas,21057,Average dietary energy requirement (kcal/cap/day),2473.0
101,Bahrain,22013,"Gross domestic product per capita, PPP, (constant 2017 international $)",41335.6
106,Bahrain,21057,Average dietary energy requirement (kcal/cap/day),2556.0
109,Bangladesh,22013,"Gross domestic product per capita, PPP, (constant 2017 international $)",6019.5
114,Bangladesh,21057,Average dietary energy requirement (kcal/cap/day),2309.0
117,Barbados,22013,"Gross domestic product per capita, PPP, (constant 2017 international $)",13487.1
122,Barbados,21057,Average dietary energy requirement (kcal/cap/day),2485.0
125,Belarus,22013,"Gross domestic product per capita, PPP, (constant 2017 international $)",19751.2
130,Belarus,21057,Average dietary energy requirement (kcal/cap/day),2449.0
133,Belgium,22013,"Gross domestic product per capita, PPP, (constant 2017 international $)",51601.9
138,Belgium,21057,Average dietary energy requirement (kcal/cap/day),2539.0
141,Belize,22013,"Gross domestic product per capita, PPP, (constant 2017 international $)",6300.3
146,Belize,21057,Average dietary energy requirement (kcal/cap/day),2289.0
149,Benin,22013,"Gross domestic product per capita, PPP, (constant 2017 international $)",3449.2
154,Benin,21057,Average dietary energy requirement (kcal/cap/day),2214.0
157,Bermuda,22013,"Gross domestic product per capita, PPP, (constant 2017 international $)",77546.6
162,Bermuda,21057,Average dietary energy requirement (kcal/cap/day),1921.0
169,Bhutan,21057,Average dietary energy requirement (kcal/cap/day),2347.0
172,Bolivia (Plurinational State of),22013,"Gross domestic product per capita, PPP, (constant 2017 international $)",8219.9
177,Bolivia (Plurinational State of),21057,Average dietary energy requirement (kcal/cap/day),2272.0
180,Bosnia and Herzegovina,22013,"Gross domestic product per capita, PPP, (constant 2017 international $)",15634.9
185,Bosnia and Herzegovina,21057,Average dietary energy requirement (kcal/cap/day),2509.0
188,Botswana,22013,"Gross domestic product per capita, PPP, (constant 2017 international $)",16023.9
193,Botswana,21057,Average dietary energy requirement (kcal/cap/day),2338.0
196,Brazil,22013,"Gross domestic product per capita, PPP, (constant 2017 international $)",14615.0
201,Brazil,21057,Average dietary energy requirement (kcal/cap/day),2447.0
204,Brunei Darussalam,22013,"Gross domestic product per capita, PPP, (constant 2017 international $)",60641.0
209,Brunei Darussalam,21057,Average dietary energy requirement (kcal/cap/day),2412.0
212,Bulgaria,22013,"Gross domestic product per capita, PPP, (constant 2017 international $)",23432.0
217,Bulgaria,21057,Average dietary energy requirement (kcal/cap/day),2487.0
220,Burkina Faso,22013,"Gross domestic product per capita, PPP, (constant 2017 international $)",2241.0
225,Burkina Faso,21057,Average dietary energy requirement (kcal/cap/day),2218.0
228,Burundi,22013,"Gross domestic product per capita, PPP, (constant 2017 international $)",722.0
233,Burundi,21057,Average dietary energy requirement (kcal/cap/day),2117.0
236,Cabo Verde,22013,"Gross domestic product per capita, PPP, (constant 2017 international $)",6397.3
241,Cabo Verde,21057,Average dietary energy requirement (kcal/cap/day),2407.0
244,Cambodia,22013,"Gross domestic product per capita, PPP, (constant 2017 international $)",4262.7
249,Cambodia,21057,Average dietary energy requirement (kcal/cap/day),2274.0
252,Cameroon,22013,"Gross domestic product per capita, PPP, (constant 2017 international $)",3699.7
257,Cameroon,21057,Average dietary energy requirement (kcal/cap/day),2253.0
260,Canada,22013,"Gross domestic product per capita, PPP, (constant 2017 international $)",47903.0
265,Canada,21057,Average dietary energy requirement (kcal/cap/day),2498.0
268,Central African Republic,22013,"Gross domestic product per capita, PPP, (constant 2017 international $)",928.9
273,Central African Republic,21057,Average dietary energy requirement (kcal/cap/day),2191.0
276,Chad,22013,"Gross domestic product per capita, PPP, (constant 2017 international $)",1447.8
281,Chad,21057,Average dietary energy requirement (kcal/cap/day),2187.0
284,Chile,22013,"Gross domestic product per capita, PPP, (constant 2017 international $)",25821.1
289,Chile,21057,Average dietary energy requirement (kcal/cap/day),2443.0
292,China,22013,"Gross domestic product per capita, PPP, (constant 2017 international $)",17842.0
299,China,21057,Average dietary energy requirement (kcal/cap/day),2441.0
302,"China, Hong Kong SAR",22013,"Gross domestic product per capita, PPP, (constant 2017 international $)",60051.8
307,"China, Hong Kong SAR",21057,Average dietary energy requirement (kcal/cap/day),2412.0
310,"China, Macao SAR",22013,"Gross domestic product per capita, PPP, (constant 2017 international $)",67178.7
315,"China, Macao SAR",21057,Average dietary energy requirement (kcal/cap/day),2435.0
322,"China, mainland",21057,Average dietary energy requirement (kcal/cap/day),2441.0
329,"China, Taiwan Province of",21057,Average dietary energy requirement (kcal/cap/day),2464.0
332,Colombia,22013,"Gross domestic product per capita, PPP, (constant 2017 international $)",14705.1
337,Colombia,21057,Average dietary energy requirement (kcal/cap/day),2358.0
340,Comoros,22013,"Gross domestic product per capita, PPP, (constant 2017 international $)",2989.6
345,Comoros,21057,Average dietary energy requirement (kcal/cap/day),
348,Congo,22013,"Gross domestic product per capita, PPP, (constant 2017 international $)",3292.3
353,Congo,21057,Average dietary energy requirement (kcal/cap/day),2236.0
360,Cook Islands,21057,Average dietary energy requirement (kcal/cap/day),
363,Costa Rica,22013,"Gross domestic product per capita, PPP, (constant 2017 international $)",21260.8
368,Costa Rica,21057,Average dietary energy requirement (kcal/cap/day),2441.0
371,Côte d'Ivoire,22013,"Gross domestic product per capita, PPP, (constant 2017 international $)",5406.7
376,Côte d'Ivoire,21057,Average dietary energy requirement (kcal/cap/day),2220.0
379,Croatia,22013,"Gross domestic product per capita, PPP, (constant 2017 international $)",31046.6
384,Croatia,21057,Average dietary energy requirement (kcal/cap/day),2487.0
391,Cuba,21057,Average dietary energy requirement (kcal/cap/day),2444.0
394,Cyprus,22013,"Gross domestic product per capita, PPP, (constant 2017 international $)",40791.4
399,Cyprus,21057,Average dietary energy requirement (kcal/cap/day),2532.0
402,Czechia,22013,"Gross domestic product per capita, PPP, (constant 2017 international $)",39777.8
407,Czechia,21057,Average dietary energy requirement (kcal/cap/day),2525.0
414,Democratic People's Republic of Korea,21057,Average dietary energy requirement (kcal/cap/day),2400.0
417,Democratic Republic of the Congo,22013,"Gross domestic product per capita, PPP, (constant 2017 international $)",1109.4
422,Democratic Republic of the Congo,21057,Average dietary energy requirement (kcal/cap/day),2124.0
425,Denmark,22013,"Gross domestic product per capita, PPP, (constant 2017 international $)",58187.0
430,Denmark,21057,Average dietary energy requirement (kcal/cap/day),2544.0
433,Djibouti,22013,"Gross domestic product per capita, PPP, (constant 2017 international $)",5394.0
438,Djibouti,21057,Average dietary energy requirement (kcal/cap/day),2422.0
441,Dominica,22013,"Gross domestic product per capita, PPP, (constant 2017 international $)",10899.3
446,Dominica,21057,Average dietary energy requirement (kcal/cap/day),1885.0
449,Dominican Republic,22013,"Gross domestic product per capita, PPP, (constant 2017 international $)",18905.2
454,Dominican Republic,21057,Average dietary energy requirement (kcal/cap/day),2392.0
457,Ecuador,22013,"Gross domestic product per capita, PPP, (constant 2017 international $)",10614.6
462,Ecuador,21057,Average dietary energy requirement (kcal/cap/day),2296.0
465,Egypt,22013,"Gross domestic product per capita, PPP, (constant 2017 international $)",12121.2
470,Egypt,21057,Average dietary energy requirement (kcal/cap/day),2322.0
473,El Salvador,22013,"Gross domestic product per capita, PPP, (constant 2017 international $)",8801.0
478,El Salvador,21057,Average dietary energy requirement (kcal/cap/day),2284.0
481,Equatorial Guinea,22013,"Gross domestic product per capita, PPP, (constant 2017 international $)",16500.3
486,Equatorial Guinea,21057,Average dietary energy requirement (kcal/cap/day),2322.0
493,Eritrea,21057,Average dietary energy requirement (kcal/cap/day),2225.0
496,Estonia,22013,"Gross domestic product per capita, PPP, (constant 2017 international $)",38207.4
501,Estonia,21057,Average dietary energy requirement (kcal/cap/day),2538.0
504,Eswatini,22013,"Gross domestic product per capita, PPP, (constant 2017 international $)",8934.9
509,Eswatini,21057,Average dietary energy requirement (kcal/cap/day),2298.0
512,Ethiopia,22013,"Gross domestic product per capita, PPP, (constant 2017 international $)",2366.4
517,Ethiopia,21057,Average dietary energy requirement (kcal/cap/day),2229.0
520,Fiji,22013,"Gross domestic product per capita, PPP, (constant 2017 international $)",10977.5
525,Fiji,21057,Average dietary energy requirement (kcal/cap/day),2368.0
528,Finland,22013,"Gross domestic product per capita, PPP, (constant 2017 international $)",48936.7
533,Finland,21057,Average dietary energy requirement (kcal/cap/day),2554.0
536,France,22013,"Gross domestic product per capita, PPP, (constant 2017 international $)",45187.4
541,France,21057,Average dietary energy requirement (kcal/cap/day),2494.0
548,French Polynesia,21057,Average dietary energy requirement (kcal/cap/day),2437.0
551,Gabon,22013,"Gross domestic product per capita, PPP, (constant 2017 international $)",14197.7
556,Gabon,21057,Average dietary energy requirement (kcal/cap/day),2273.0
559,Gambia,22013,"Gross domestic product per capita, PPP, (constant 2017 international $)",2215.5
564,Gambia,21057,Average dietary energy requirement (kcal/cap/day),2233.0
567,Georgia,22013,"Gross domestic product per capita, PPP, (constant 2017 international $)",15471.7
572,Georgia,21057,Average dietary energy requirement (kcal/cap/day),2454.0
575,Germany,22013,"Gross domestic product per capita, PPP, (constant 2017 international $)",52930.8
580,Germany,21057,Average dietary energy requirement (kcal/cap/day),2531.0
583,Ghana,22013,"Gross domestic product per capita, PPP, (constant 2017 international $)",5623.8
588,Ghana,21057,Average dietary energy requirement (kcal/cap/day),2298.0
591,Greece,22013,"Gross domestic product per capita, PPP, (constant 2017 international $)",29428.4
596,Greece,21057,Average dietary energy requirement (kcal/cap/day),2528.0
603,Greenland,21057,Average dietary energy requirement (kcal/cap/day),
606,Grenada,22013,"Gross domestic product per capita, PPP, (constant 2017 international $)",15183.4
611,Grenada,21057,Average dietary energy requirement (kcal/cap/day),2440.0
614,Guatemala,22013,"Gross domestic product per capita, PPP, (constant 2017 international $)",8892.5
619,Guatemala,21057,Average dietary energy requirement (kcal/cap/day),2189.0
622,Guinea,22013,"Gross domestic product per capita, PPP, (constant 2017 international $)",2620.2
627,Guinea,21057,Average dietary energy requirement (kcal/cap/day),2199.0
630,Guinea-Bissau,22013,"Gross domestic product per capita, PPP, (constant 2017 international $)",1872.5
635,Guinea-Bissau,21057,Average dietary energy requirement (kcal/cap/day),
638,Guyana,22013,"Gross domestic product per capita, PPP, (constant 2017 international $)",22295.5
643,Guyana,21057,Average dietary energy requirement (kcal/cap/day),2334.0
646,Haiti,22013,"Gross domestic product per capita, PPP, (constant 2017 international $)",2846.7
651,Haiti,21057,Average dietary energy requirement (kcal/cap/day),2345.0
654,Honduras,22013,"Gross domestic product per capita, PPP, (constant 2017 international $)",5691.4
659,Honduras,21057,Average dietary energy requirement (kcal/cap/day),2296.0
662,Hungary,22013,"Gross domestic product per capita, PPP, (constant 2017 international $)",33518.0
667,Hungary,21057,Average dietary energy requirement (kcal/cap/day),2521.0
670,Iceland,22013,"Gross domestic product per capita, PPP, (constant 2017 international $)",53462.7
675,Iceland,21057,Average dietary energy requirement (kcal/cap/day),2538.0
678,India,22013,"Gross domestic product per capita, PPP, (constant 2017 international $)",6675.3
683,India,21057,Average dietary energy requirement (kcal/cap/day),2320.0
686,Indonesia,22013,"Gross domestic product per capita, PPP, (constant 2017 international $)",11746.2
691,Indonesia,21057,Average dietary energy requirement (kcal/cap/day),2302.0
698,Iran (Islamic Republic of),21057,Average dietary energy requirement (kcal/cap/day),2358.0
701,Iraq,22013,"Gross domestic product per capita, PPP, (constant 2017 international $)",9474.8
706,Iraq,21057,Average dietary energy requirement (kcal/cap/day),2291.0
709,Ireland,22013,"Gross domestic product per capita, PPP, (constant 2017 international $)",102154.0
714,Ireland,21057,Average dietary energy requirement (kcal/cap/day),2483.0
717,Israel,22013,"Gross domestic product per capita, PPP, (constant 2017 international $)",41582.5
722,Israel,21057,Average dietary energy requirement (kcal/cap/day),2296.0
725,Italy,22013,"Gross domestic product per capita, PPP, (constant 2017 international $)",41937.2
730,Italy,21057,Average dietary energy requirement (kcal/cap/day),2526.0
733,Jamaica,22013,"Gross domestic product per capita, PPP, (constant 2017 international $)",9126.1
738,Jamaica,21057,Average dietary energy requirement (kcal/cap/day),2450.0
741,Japan,22013,"Gross domestic product per capita, PPP, (constant 2017 international $)",40769.8
746,Japan,21057,Average dietary energy requirement (kcal/cap/day),2418.0
749,Jordan,22013,"Gross domestic product per capita, PPP, (constant 2017 international $)",9969.1
754,Jordan,21057,Average dietary energy requirement (kcal/cap/day),2360.0
757,Kazakhstan,22013,"Gross domestic product per capita, PPP, (constant 2017 international $)",26033.2
762,Kazakhstan,21057,Average dietary energy requirement (kcal/cap/day),2337.0
765,Kenya,22013,"Gross domestic product per capita, PPP, (constant 2017 international $)",4572.7
770,Kenya,21057,Average dietary energy requirement (kcal/cap/day),2235.0
777,Kiribati,21057,Average dietary energy requirement (kcal/cap/day),2292.0
784,Kuwait,21057,Average dietary energy requirement (kcal/cap/day),2487.0
787,Kyrgyzstan,22013,"Gross domestic product per capita, PPP, (constant 2017 international $)",4813.2
792,Kyrgyzstan,21057,Average dietary energy requirement (kcal/cap/day),2332.0
795,Lao People's Democratic Republic,22013,"Gross domestic product per capita, PPP, (constant 2017 international $)",7895.6
800,Lao People's Democratic Republic,21057,Average dietary energy requirement (kcal/cap/day),2344.0
803,Latvia,22013,"Gross domestic product per capita, PPP, (constant 2017 international $)",31688.5
808,Latvia,21057,Average dietary energy requirement (kcal/cap/day),2427.0
811,Lebanon,22013,"Gross domestic product per capita, PPP, (constant 2017 international $)",9731.7
816,Lebanon,21057,Average dietary energy requirement (kcal/cap/day),2407.0
819,Lesotho,22013,"Gross domestic product per capita, PPP, (constant 2017 international $)",2441.5
824,Lesotho,21057,Average dietary energy requirement (kcal/cap/day),2304.0
827,Liberia,22013,"Gross domestic product per capita, PPP, (constant 2017 international $)",1413.4
832,Liberia,21057,Average dietary energy requirement (kcal/cap/day),2220.0
835,Libya,22013,"Gross domestic product per capita, PPP, (constant 2017 international $)",21260.4
840,Libya,21057,Average dietary energy requirement (kcal/cap/day),2396.0
843,Lithuania,22013,"Gross domestic product per capita, PPP, (constant 2017 international $)",38957.6
848,Lithuania,21057,Average dietary energy requirement (kcal/cap/day),2447.0
851,Luxembourg,22013,"Gross domestic product per capita, PPP, (constant 2017 international $)",118680.0
856,Luxembourg,21057,Average dietary energy requirement (kcal/cap/day),2578.0
859,Madagascar,22013,"Gross domestic product per capita, PPP, (constant 2017 international $)",1488.6
864,Madagascar,21057,Average dietary energy requirement (kcal/cap/day),2162.0
867,Malawi,22013,"Gross domestic product per capita, PPP, (constant 2017 international $)",1509.5
872,Malawi,21057,Average dietary energy requirement (kcal/cap/day),2186.0
875,Malaysia,22013,"Gross domestic product per capita, PPP, (constant 2017 international $)",26959.2
880,Malaysia,21057,Average dietary energy requirement (kcal/cap/day),2382.0
883,Maldives,22013,"Gross domestic product per capita, PPP, (constant 2017 international $)",16596.0
888,Maldives,21057,Average dietary energy requirement (kcal/cap/day),2493.0
891,Mali,22013,"Gross domestic product per capita, PPP, (constant 2017 international $)",2227.7
896,Mali,21057,Average dietary energy requirement (kcal/cap/day),2196.0
899,Malta,22013,"Gross domestic product per capita, PPP, (constant 2017 international $)",44395.3
904,Malta,21057,Average dietary energy requirement (kcal/cap/day),2516.0
907,Marshall Islands,22013,"Gross domestic product per capita, PPP, (constant 2017 international $)",3806.2
912,Marshall Islands,21057,Average dietary energy requirement (kcal/cap/day),
915,Mauritania,22013,"Gross domestic product per capita, PPP, (constant 2017 international $)",5090.0
920,Mauritania,21057,Average dietary energy requirement (kcal/cap/day),2250.0
923,Mauritius,22013,"Gross domestic product per capita, PPP, (constant 2017 international $)",20244.2
928,Mauritius,21057,Average dietary energy requirement (kcal/cap/day),2444.0
931,Mexico,22013,"Gross domestic product per capita, PPP, (constant 2017 international $)",18544.7
936,Mexico,21057,Average dietary energy requirement (kcal/cap/day),2391.0
939,Micronesia (Federated States of),22013,"Gross domestic product per capita, PPP, (constant 2017 international $)",3226.1
944,Micronesia (Federated States of),21057,Average dietary energy requirement (kcal/cap/day),2258.0
947,Mongolia,22013,"Gross domestic product per capita, PPP, (constant 2017 international $)",11708.4
952,Mongolia,21057,Average dietary energy requirement (kcal/cap/day),2307.0
955,Montenegro,22013,"Gross domestic product per capita, PPP, (constant 2017 international $)",20566.8
960,Montenegro,21057,Average dietary energy requirement (kcal/cap/day),2478.0
963,Morocco,22013,"Gross domestic product per capita, PPP, (constant 2017 international $)",7412.7
968,Morocco,21057,Average dietary energy requirement (kcal/cap/day),2377.0
971,Mozambique,22013,"Gross domestic product per capita, PPP, (constant 2017 international $)",1221.8
976,Mozambique,21057,Average dietary energy requirement (kcal/cap/day),2151.0
979,Myanmar,22013,"Gross domestic product per capita, PPP, (constant 2017 international $)",3955.0
984,Myanmar,21057,Average dietary energy requirement (kcal/cap/day),2311.0
987,Namibia,22013,"Gross domestic product per capita, PPP, (constant 2017 international $)",8925.2
992,Namibia,21057,Average dietary energy requirement (kcal/cap/day),2267.0
995,Nauru,22013,"Gross domestic product per capita, PPP, (constant 2017 international $)",13747.3
1000,Nauru,21057,Average dietary energy requirement (kcal/cap/day),
1003,Nepal,22013,"Gross domestic product per capita, PPP, (constant 2017 international $)",3878.4
1008,Nepal,21057,Average dietary energy requirement (kcal/cap/day),2271.0
1011,Netherlands,22013,"Gross domestic product per capita, PPP, (constant 2017 international $)",56761.0
1016,Netherlands,21057,Average dietary energy requirement (kcal/cap/day),2577.0
1023,New Caledonia,21057,Average dietary energy requirement (kcal/cap/day),2339.0
1026,New Zealand,22013,"Gross domestic product per capita, PPP, (constant 2017 international $)",43301.4
1031,New Zealand,21057,Average dietary energy requirement (kcal/cap/day),2482.0
1034,Nicaragua,22013,"Gross domestic product per capita, PPP, (constant 2017 international $)",5763.4
1039,Nicaragua,21057,Average dietary energy requirement (kcal/cap/day),2303.0
1042,Niger,22013,"Gross domestic product per capita, PPP, (constant 2017 international $)",1192.3
1047,Niger,21057,Average dietary energy requirement (kcal/cap/day),
1050,Nigeria,22013,"Gross domestic product per capita, PPP, (constant 2017 international $)",4969.2
1055,Nigeria,21057,Average dietary energy requirement (kcal/cap/day),2193.0
1062,Niue,21057,Average dietary energy requirement (kcal/cap/day),
1065,North Macedonia,22013,"Gross domestic product per capita, PPP, (constant 2017 international $)",16464.3
1070,North Macedonia,21057,Average dietary energy requirement (kcal/cap/day),2503.0
1073,Norway,22013,"Gross domestic product per capita, PPP, (constant 2017 international $)",65688.6
1078,Norway,21057,Average dietary energy requirement (kcal/cap/day),2552.0
1085,Oman,21057,Average dietary energy requirement (kcal/cap/day),2496.0
1088,Pakistan,22013,"Gross domestic product per capita, PPP, (constant 2017 international $)",5350.1
1093,Pakistan,21057,Average dietary energy requirement (kcal/cap/day),2250.0
1100,Palau,21057,Average dietary energy requirement (kcal/cap/day),
1103,Palestine,22013,"Gross domestic product per capita, PPP, (constant 2017 international $)",5643.1
1108,Palestine,21057,Average dietary energy requirement (kcal/cap/day),2244.0
1111,Panama,22013,"Gross domestic product per capita, PPP, (constant 2017 international $)",28837.0
1116,Panama,21057,Average dietary energy requirement (kcal/cap/day),2304.0
1119,Papua New Guinea,22013,"Gross domestic product per capita, PPP, (constant 2017 international $)",4046.4
1124,Papua New Guinea,21057,Average dietary energy requirement (kcal/cap/day),2218.0
1127,Paraguay,22013,"Gross domestic product per capita, PPP, (constant 2017 international $)",12721.6
1132,Paraguay,21057,Average dietary energy requirement (kcal/cap/day),2371.0
1135,Peru,22013,"Gross domestic product per capita, PPP, (constant 2017 international $)",12648.2
1140,Peru,21057,Average dietary energy requirement (kcal/cap/day),2312.0
1143,Philippines,22013,"Gross domestic product per capita, PPP, (constant 2017 international $)",8301.2
1148,Philippines,21057,Average dietary energy requirement (kcal/cap/day),2258.0
1151,Poland,22013,"Gross domestic product per capita, PPP, (constant 2017 international $)",34363.0
1156,Poland,21057,Average dietary energy requirement (kcal/cap/day),2501.0
1159,Portugal,22013,"Gross domestic product per capita, PPP, (constant 2017 international $)",33514.3
1164,Portugal,21057,Average dietary energy requirement (kcal/cap/day),2493.0
1171,Puerto Rico,21057,Average dietary energy requirement (kcal/cap/day),2499.0
1174,Qatar,22013,"Gross domestic product per capita, PPP, (constant 2017 international $)",85128.2
1179,Qatar,21057,Average dietary energy requirement (kcal/cap/day),2686.0
1182,Republic of Korea,22013,"Gross domestic product per capita, PPP, (constant 2017 international $)",44116.0
1187,Republic of Korea,21057,Average dietary energy requirement (kcal/cap/day),2461.0
1190,Republic of Moldova,22013,"Gross domestic product per capita, PPP, (constant 2017 international $)",14233.9
1195,Republic of Moldova,21057,Average dietary energy requirement (kcal/cap/day),
1198,Romania,22013,"Gross domestic product per capita, PPP, (constant 2017 international $)",30854.6
1203,Romania,21057,Average dietary energy requirement (kcal/cap/day),2488.0
1206,Russian Federation,22013,"Gross domestic product per capita, PPP, (constant 2017 international $)",27969.7
1211,Russian Federation,21057,Average dietary energy requirement (kcal/cap/day),2447.0
1214,Rwanda,22013,"Gross domestic product per capita, PPP, (constant 2017 international $)",2270.2
1219,Rwanda,21057,Average dietary energy requirement (kcal/cap/day),2216.0
1222,Saint Kitts and Nevis,22013,"Gross domestic product per capita, PPP, (constant 2017 international $)",23899.9
1227,Saint Kitts and Nevis,21057,Average dietary energy requirement (kcal/cap/day),1889.0
1230,Saint Lucia,22013,"Gross domestic product per capita, PPP, (constant 2017 international $)",12790.3
1235,Saint Lucia,21057,Average dietary energy requirement (kcal/cap/day),2506.0
1238,Saint Vincent and the Grenadines,22013,"Gross domestic product per capita, PPP, (constant 2017 international $)",12763.1
1243,Saint Vincent and the Grenadines,21057,Average dietary energy requirement (kcal/cap/day),2473.0
1246,Samoa,22013,"Gross domestic product per capita, PPP, (constant 2017 international $)",5844.2
1251,Samoa,21057,Average dietary energy requirement (kcal/cap/day),2354.0
1254,Sao Tome and Principe,22013,"Gross domestic product per capita, PPP, (constant 2017 international $)",4046.9
1259,Sao Tome and Principe,21057,Average dietary energy requirement (kcal/cap/day),2255.0
1262,Saudi Arabia,22013,"Gross domestic product per capita, PPP, (constant 2017 international $)",45104.3
1267,Saudi Arabia,21057,Average dietary energy requirement (kcal/cap/day),2430.0
1270,Senegal,22013,"Gross domestic product per capita, PPP, (constant 2017 international $)",3430.4
1275,Senegal,21057,Average dietary energy requirement (kcal/cap/day),2253.0
1278,Serbia,22013,"Gross domestic product per capita, PPP, (constant 2017 international $)",19761.6
1283,Serbia,21057,Average dietary energy requirement (kcal/cap/day),2495.0
1286,Seychelles,22013,"Gross domestic product per capita, PPP, (constant 2017 international $)",27159.7
1291,Seychelles,21057,Average dietary energy requirement (kcal/cap/day),2383.0
1294,Sierra Leone,22013,"Gross domestic product per capita, PPP, (constant 2017 international $)",1653.2
1299,Sierra Leone,21057,Average dietary energy requirement (kcal/cap/day),2235.0
1302,Singapore,22013,"Gross domestic product per capita, PPP, (constant 2017 international $)",106032.0
1307,Singapore,21057,Average dietary energy requirement (kcal/cap/day),2472.0
1310,Slovakia,22013,"Gross domestic product per capita, PPP, (constant 2017 international $)",31498.1
1315,Slovakia,21057,Average dietary energy requirement (kcal/cap/day),2535.0
1318,Slovenia,22013,"Gross domestic product per capita, PPP, (constant 2017 international $)",39969.8
1323,Slovenia,21057,Average dietary energy requirement (kcal/cap/day),2487.0
1326,Solomon Islands,22013,"Gross domestic product per capita, PPP, (constant 2017 international $)",2417.7
1331,Solomon Islands,21057,Average dietary energy requirement (kcal/cap/day),2166.0
1334,Somalia,22013,"Gross domestic product per capita, PPP, (constant 2017 international $)",1185.6
1339,Somalia,21057,Average dietary energy requirement (kcal/cap/day),2195.0
1342,South Africa,22013,"Gross domestic product per capita, PPP, (constant 2017 international $)",13126.0
1347,South Africa,21057,Average dietary energy requirement (kcal/cap/day),2415.0
1354,South Sudan,21057,Average dietary energy requirement (kcal/cap/day),2210.0
1357,Spain,22013,"Gross domestic product per capita, PPP, (constant 2017 international $)",38097.8
1362,Spain,21057,Average dietary energy requirement (kcal/cap/day),2502.0
1365,Sri Lanka,22013,"Gross domestic product per capita, PPP, (constant 2017 international $)",12859.3
1370,Sri Lanka,21057,Average dietary energy requirement (kcal/cap/day),2294.0
1373,Sudan,22013,"Gross domestic product per capita, PPP, (constant 2017 international $)",3838.7
1378,Sudan,21057,Average dietary energy requirement (kcal/cap/day),2229.0
1381,Suriname,22013,"Gross domestic product per capita, PPP, (constant 2017 international $)",15179.1
1386,Suriname,21057,Average dietary energy requirement (kcal/cap/day),2381.0
1389,Sweden,22013,"Gross domestic product per capita, PPP, (constant 2017 international $)",53050.3
1394,Sweden,21057,Average dietary energy requirement (kcal/cap/day),2529.0
1397,Switzerland,22013,"Gross domestic product per capita, PPP, (constant 2017 international $)",70792.7
1402,Switzerland,21057,Average dietary energy requirement (kcal/cap/day),2552.0
1409,Syrian Arab Republic,21057,Average dietary energy requirement (kcal/cap/day),2344.0
1412,Tajikistan,22013,"Gross domestic product per capita, PPP, (constant 2017 international $)",3903.5
1417,Tajikistan,21057,Average dietary energy requirement (kcal/cap/day),
1420,Thailand,22013,"Gross domestic product per capita, PPP, (constant 2017 international $)",17485.5
1425,Thailand,21057,Average dietary energy requirement (kcal/cap/day),2443.0
1428,Timor-Leste,22013,"Gross domestic product per capita, PPP, (constant 2017 international $)",4021.1
1433,Timor-Leste,21057,Average dietary energy requirement (kcal/cap/day),2190.0
1436,Togo,22013,"Gross domestic product per capita, PPP, (constant 2017 international $)",2166.6
1441,Togo,21057,Average dietary energy requirement (kcal/cap/day),2243.0
1448,Tokelau,21057,Average dietary energy requirement (kcal/cap/day),
1455,Tonga,21057,Average dietary energy requirement (kcal/cap/day),2389.0
1458,Trinidad and Tobago,22013,"Gross domestic product per capita, PPP, (constant 2017 international $)",24456.8
1463,Trinidad and Tobago,21057,Average dietary energy requirement (kcal/cap/day),2427.0
1466,Tunisia,22013,"Gross domestic product per capita, PPP, (constant 2017 international $)",10554.1
1471,Tunisia,21057,Average dietary energy requirement (kcal/cap/day),2347.0
1474,Türkiye,22013,"Gross domestic product per capita, PPP, (constant 2017 international $)",31252.1
1479,Türkiye,21057,Average dietary energy requirement (kcal/cap/day),2403.0
1486,Turkmenistan,21057,Average dietary energy requirement (kcal/cap/day),2305.0
1489,Tuvalu,22013,"Gross domestic product per capita, PPP, (constant 2017 international $)",4626.3
1494,Tuvalu,21057,Average dietary energy requirement (kcal/cap/day),
1497,Uganda,22013,"Gross domestic product per capita, PPP, (constant 2017 international $)",2182.6
1502,Uganda,21057,Average dietary energy requirement (kcal/cap/day),2184.0
1505,Ukraine,22013,"Gross domestic product per capita, PPP, (constant 2017 international $)",12943.6
1510,Ukraine,21057,Average dietary energy requirement (kcal/cap/day),2481.0
1517,United Arab Emirates,21057,Average dietary energy requirement (kcal/cap/day),2660.0
1520,United Kingdom of Great Britain and Northern Ireland,22013,"Gross domestic product per capita, PPP, (constant 2017 international $)",45839.2
1525,United Kingdom of Great Britain and Northern Ireland,21057,Average dietary energy requirement (kcal/cap/day),2489.0
1528,United Republic of Tanzania,22013,"Gross domestic product per capita, PPP, (constant 2017 international $)",2669.4
1533,United Republic of Tanzania,21057,Average dietary energy requirement (kcal/cap/day),2147.0
1536,United States of America,22013,"Gross domestic product per capita, PPP, (constant 2017 international $)",63069.2
1541,United States of America,21057,Average dietary energy requirement (kcal/cap/day),2547.0
1544,Uruguay,22013,"Gross domestic product per capita, PPP, (constant 2017 international $)",22415.4
1549,Uruguay,21057,Average dietary energy requirement (kcal/cap/day),2415.0
1552,Uzbekistan,22013,"Gross domestic product per capita, PPP, (constant 2017 international $)",7734.8
1557,Uzbekistan,21057,Average dietary energy requirement (kcal/cap/day),2371.0
1560,Vanuatu,22013,"Gross domestic product per capita, PPP, (constant 2017 international $)",2826.5
1565,Vanuatu,21057,Average dietary energy requirement (kcal/cap/day),2177.0
1572,Venezuela (Bolivarian Republic of),21057,Average dietary energy requirement (kcal/cap/day),2355.0
1575,Viet Nam,22013,"Gross domestic product per capita, PPP, (constant 2017 international $)",10516.2
1580,Viet Nam,21057,Average dietary energy requirement (kcal/cap/day),2293.0
1587,Yemen,21057,Average dietary energy requirement (kcal/cap/day),2197.0
1590,Zambia,22013,"Gross domestic product per capita, PPP, (constant 2017 international $)",3298.6
1595,Zambia,21057,Average dietary energy requirement (kcal/cap/day),
1598,Zimbabwe,22013,"Gross domestic product per capita, PPP, (constant 2017 international $)",3495.6
1603,Zimbabwe,21057,Average dietary energy requirement (kcal/cap/day),2252.0
